name,city,stream,course,cutoff_percentage,description,website
IIT Bombay,Mumbai,Science,B.Tech Computer Science,95.0,Top engineering program with focus on computer science,https://www.iitb.ac.in
IIT Bombay,Mumbai,Science,B.Tech Electrical,92.0,Electrical engineering with advanced labs,https://www.iitb.ac.in
IIT Delhi,Delhi,Science,B.Tech Mechanical,90.0,Mechanical engineering with industry exposure,https://www.iitd.ac.in
IIT Delhi,Delhi,Commerce,BBA,85.0,Business administration with case studies,https://www.iitd.ac.in
BITS Pilani,Pilani,Science,B.E. Chemical,88.0,Chemical engineering with research opportunities,https://www.bits-pilani.ac.in
LD College of Engineering,Ahmedabad,Science,B.E. Civil,80.0,Civil engineering with practical training,https://www.ldce.ac.in
St. Xavier's College,Ahmedabad,Commerce,B.Com,78.0,Commerce program with focus on accounting,https://www.sxcall.in
HL College of Commerce,Ahmedabad,Commerce,B.Com,75.0,Commerce with business management,https://www.hlcc.edu.in
Nirma University,Ahmedabad,Science,B.Tech Computer Science,85.0,Computer science with modern curriculum,https://www.nirmauni.ac.in
Gujarat University,Ahmedabad,Commerce,M.Com,70.0,Master’s in commerce with finance specialization,https://www.gujaratuniversity.ac.in
Ahmedabad University,Ahmedabad,Science,B.Sc. Physics,82.0,Physics with experimental learning,https://www.ahduni.edu.in
CEPT University,Ahmedabad,Science,B.Arch,88.0,Architecture with design focus,https://www.cept.ac.in
LJ Institute of Management,Ahmedabad,Commerce,BBA,72.0,Business administration with internships,https://www.ljinstitutes.org
MG Science Institute,Ahmedabad,Science,B.Sc. Chemistry,80.0,Chemistry with lab facilities,https://www.mgscience.ac.in
B.K. School of Management,Ahmedabad,Commerce,MBA,85.0,MBA with industry connections,https://www.bkschool.org.in